,name,inversion,tasa,cap_ini,valorizacion,r_high,r_mes,ingreso_pesimista,ingreso_optimista,retraso,shift,max_desembolso_mensual,hide_graph
0,Vento400,400.0,0.1869999999999999,120.0,2,2,1.0016515813019202,3.0,0.0,0,0,7,False
1,P&G395,395.0,0.187,120.0,2,2,1.0016515813019202,3.0,0.0,0,49,10,False
2,Yes384:50,384.0,0.187,120.0,5,1,1.0040741237836484,3.0,0.0,0,84,13,False
3,Vento400c,400.0,0.187,120.0,5,2,1.0040741237836484,4.0,0.0,6,110,16,True
